Species,Genus,Family,Monocot/Dicot,Growth_form,Wetland_System,Denitrification_Method,Reference,n-Veg,Denitrification-Veg,SE-Veg,S-Veg,Var-Veg,n-Non-veg,Denitrification-NonVeg,SE-NonVeg,S-NonVeg,Var-Non-Veg,lnR,Var(lnR)
Acer rubrum,Acer,Sapindaceae,dicot,Tree-shrub,riparian wetland,DEA,McCarty et al 2007,2,0.002061564,0.000113745,0.00016086,2.59E-08,2,0.001293809,0.0000995,0.000140753,1.98E-08,0.465874337,2.00E-10
Acer rubrum,Acer,Sapindaceae,dicot,Tree-shrub,riparian wetland,DEA,McCarty et al 2007,2,0.001066327,0.0000284,0.0000402,1.60E-09,2,0.000255919,0.0000995,0.000140748,1.98E-08,1.427114324,0.000000003
Acer rubrum,Acer,Sapindaceae,dicot,Tree-shrub,riparian wetland,Acetylene inhibition,Verhoeven et al 2001,8,0.0001287,0.0000483,0.000136507,1.86E-08, , , , , , , 
Acer rubrum,Acer,Sapindaceae,dicot,Tree-shrub,riparian wetland,Acetylene inhibition,Verhoeven et al 2001,8,0.000112613,0.00006435,0.000182009,3.31E-08, , , , , , , 
Acer rubrum,Acer,Sapindaceae,dicot,Tree-shrub,riparian wetland,DEA,Groffman et al 1992,3,0.010981042,0.001053532,0.00182477,0.00000333, , , , , , , 
Acer rubrum,Acer,Sapindaceae,dicot,Tree-shrub,riparian wetland,DEA,Groffman et al 1992,3,0.002502138,0.000688848,0.001193119,0.00000142, , , , , , , 
Acer rubrum,Acer,Sapindaceae,dicot,Tree-shrub,riparian wetland,DEA,Groffman et al 1992,5,0.001073792,0.000384944,0.000860762,0.000000741, , , , , , , 
Acer rubrum,Acer,Sapindaceae,dicot,Tree-shrub,riparian wetland,DEA,Groffman et al 1992,5,0.000739498,0.000263383,0.000588942,0.000000347, , , , , , , 
Acer rubrum,Acer,Sapindaceae,dicot,Tree-shrub,riparian wetland,DEA,Groffman et al 1992,5,0.002096933,0.000759758,0.001698872,0.00000289, , , , , , , 
Acer rubrum,Acer,Sapindaceae,dicot,Tree-shrub,riparian wetland,DEA,Groffman et al 1992,5,0.001256134,0.000212732,0.000475684,0.000000226, , , , , , , 
Acer rubrum,Acer,Sapindaceae,dicot,Tree-shrub,riparian wetland,DEA,Groffman et al 1992,3,0.001205483,0.000182342,0.000315826,9.97E-08, , , , , , , 
Acer rubrum,Acer,Sapindaceae,dicot,Tree-shrub,riparian wetland,DEA,Groffman et al 1992,3,0.000526766,0.000384944,0.000666743,0.000000445, , , , , , , 
Acer rubrum,Acer,Sapindaceae,dicot,Tree-shrub,riparian wetland,DEA,Groffman et al 1992,5,0.002431227,0.000536896,0.001200536,0.00000144, , , , , , , 
Acer rubrum,Acer,Sapindaceae,dicot,Tree-shrub,riparian wetland,DEA,Groffman et al 1992,5,0.00354554,0.000790149,0.001766826,0.00000312, , , , , , , 
Acer rubrum,Acer,Sapindaceae,dicot,Tree-shrub,riparian wetland,DEA,Groffman et al 1992,5,0.000992751,0.000243123,0.000543639,0.000000296, , , , , , , 
Acer rubrum,Acer,Sapindaceae,dicot,Tree-shrub,riparian wetland,DEA,Groffman et al 1992,5,0.002927603,0.001154833,0.002582285,0.00000667, , , , , , , 
Acer rubrum,Acer,Sapindaceae,dicot,Tree-shrub,riparian wetland,DEA,Groffman et al 1992,3,0.001590428,0.000516636,0.000894839,0.000000801, , , , , , , 
Acer rubrum,Acer,Sapindaceae,dicot,Tree-shrub,riparian wetland,DEA,Groffman et al 1992,3,0.007415243,0.006138848,0.010632797,0.000113056, , , , , , , 
Acer rubrum,Acer,Sapindaceae,dicot,Tree-shrub,riparian wetland,DEA,Groffman et al 1992,5,0.002552788,0.000445725,0.000996671,0.000000993, , , , , , , 
Acer rubrum,Acer,Sapindaceae,dicot,Tree-shrub,riparian wetland,DEA,Groffman et al 1992,5,0.01077844,0.003322677,0.007429732,0.0000552, , , , , , , 
Acer rubrum,Acer,Sapindaceae,dicot,Tree-shrub,riparian wetland,DEA,Groffman et al 1992,5,0.002988383,0.000962361,0.002151904,0.00000463, , , , , , , 
Acer rubrum,Acer,Sapindaceae,dicot,Tree-shrub,riparian wetland,DEA,Groffman et al 1992,5,0.006908737,0.001002881,0.00224251,0.00000503, , , , , , , 
Acer rubrum,Acer,Sapindaceae,dicot,Tree-shrub,riparian wetland,DEA,Hanson et al 1994,15,0.000258875,0.0000969,0.000375219,0.000000141, , , , , , , 
Acer rubrum,Acer,Sapindaceae,dicot,Tree-shrub,riparian wetland,DEA,Hanson et al 1994,15,0.000417596,0.0000609,0.000235719,5.56E-08, , , , , , , 
Acer rubrum,Acer,Sapindaceae,dicot,Tree-shrub,riparian wetland,DEA,Hanson et al 1994,15,0.0000749,0.0000146,0.0000565,3.20E-09, , , , , , , 
Acer rubrum,Acer,Sapindaceae,dicot,Tree-shrub,riparian wetland,DEA,Hanson et al 1994,15,0.000185995,0.0000299,0.000115657,1.34E-08, , , , , , , 
Alnus glutinosa,Alnus,Betulaceae,dicot,Tree-shrub,tidal freshwater marsh,Acetylene inhibition,Verhoeven et al 2001,8,0.000112613,0.0000804,0.000227512,5.18E-08, , , , , , , 
Alnus rugosa,Alnus,Betulaceae,dicot,Tree-shrub,tidal freshwater marsh,Acetylene inhibition,Verhoeven et al 2001,8,0.0000322,0.0000161,0.0000455,2.10E-09, , , , , , , 
Annual,,,,,tidal freshwater marsh,DEA,Hopfensperger et al 2009,60,0.013610526,0.000302432,0.002342626,0.00000549, , , , , , , 
Annual,,,,,tidal freshwater marsh,DEA,Hopfensperger et al 2009,60,0.006452375,0.00151229,0.011714152,0.000137221, , , , , , , 
Annual,,,,,tidal freshwater marsh,MIMS,Hopfensperger et al 2009,2,0.001778959,0.000112364,0.000158907,2.53E-08, , , , , , , 
Bolboschoenus medianus,Bolboschoenus,Cyperaceae,monocot,Emergent,constructed wetland,15N-NH4 addition,Erler et al 2010,2,0.000000918,0.000000323,0.000000457,0, , , , , , , 
Calamagrostis angustifolia,Calamagrostis,Poaceae,monocot,Emergent,depressional wetland,Acetylene inhibition,Sun and Liu 2007,3,0.000123106,0.00000437,0.00000758,1.00E-10, , , , , , , 
Calamagrostis angustifolia,Calamagrostis,Poaceae,monocot,Emergent,depressional wetland,Acetylene inhibition,Sun and Liu 2007,3,0.000414773,0.0000536,0.0000928,8.60E-09, , , , , , , 
Calamagrostis angustifolia,Calamagrostis,Poaceae,monocot,Emergent,depressional wetland,Acetylene inhibition,Sun and Liu 2007,3,0.000126894,0.0000109,0.0000189,4.00E-10, , , , , , , 
Calamagrostis angustifolia,Calamagrostis,Poaceae,monocot,Emergent,depressional wetland,Acetylene inhibition,Sun and Liu 2007,3,0.000136364,0.00000875,0.0000152,2.00E-10, , , , , , , 
Calamagrostis angustifolia,Calamagrostis,Poaceae,monocot,Emergent,depressional wetland,Acetylene inhibition,Sun and Liu 2007,3,0.000100379,0.00000328,0.00000568,0, , , , , , , 
Calamagrostis angustifolia,Calamagrostis,Poaceae,monocot,Emergent,depressional wetland,Acetylene inhibition,Sun and Liu 2007,3,0.000528408,0.0000241,0.0000417,1.70E-09, , , , , , , 
Calamagrostis angustifolia,Calamagrostis,Poaceae,monocot,Emergent,depressional wetland,Acetylene inhibition,Sun and Liu 2007,3,0.000183712,0.0000153,0.000026515,7.00E-10, , , , , , , 
Calamagrostis angustifolia,Calamagrostis,Poaceae,monocot,Emergent,depressional wetland,Acetylene inhibition,Sun and Liu 2007,3,0.00011553,0.00000437,0.00000758,1.00E-10, , , , , , , 
Calamagrostis angustifolia,Calamagrostis,Poaceae,monocot,Emergent,depressional wetland,Acetylene inhibition,Sun and Liu 2007,3,0.000128788,0.00000437,0.00000758,1.00E-10, , , , , , , 
Calamagrostis angustifolia,Calamagrostis,Poaceae,monocot,Emergent,depressional wetland,Acetylene inhibition,Sun and Liu 2007,3,0.00013447,0.00000437,0.00000758,1.00E-10, , , , , , , 
Calamagrostis angustifolia,Calamagrostis,Poaceae,monocot,Emergent,depressional wetland,Acetylene inhibition,Sun and Liu 2007,3,0.00010606,0.00000219,0.00000379,0, , , , , , , 
Calamagrostis angustifolia,Calamagrostis,Poaceae,monocot,Emergent,depressional wetland,Acetylene inhibition,Sun and Liu 2007,3,0.000136364,0.00000109,0.00000189,0, , , , , , , 
Calamagrostis angustifolia,Calamagrostis,Poaceae,monocot,Emergent,depressional wetland,Acetylene inhibition,Sun and Liu 2007,3,0.000142045,0.00000547,0.00000947,1.00E-10, , , , , , , 
Calamagrostis angustifolia,Calamagrostis,Poaceae,monocot,Emergent,depressional wetland,Acetylene inhibition,Sun and Liu 2007,3,0.000117424,0.00000656,0.0000114,1.00E-10, , , , , , , 
Calamagrostis angustifolia,Calamagrostis,Poaceae,monocot,Emergent,depressional wetland,Acetylene inhibition,Sun and Liu 2007,3,0.000111743,0.00000437,0.00000758,1.00E-10, , , , , , , 
Calamagrostis angustifolia,Calamagrostis,Poaceae,monocot,Emergent,depressional wetland,Acetylene inhibition,Sun and Liu 2007,3,0.000089015,0.00000437,0.00000758,1.00E-10, , , , , , , 
Calamagrostis angustifolia,Calamagrostis,Poaceae,monocot,Emergent,depressional wetland,Acetylene inhibition,Sun and Liu 2007,3,0.0000871,0.00000219,0.00000379,0, , , , , , , 
Calamagrostis angustifolia,Calamagrostis,Poaceae,monocot,Emergent,depressional wetland,Acetylene inhibition,Sun and Liu 2007,3,0.00017803,0.00000328,0.00000568,0, , , , , , , 
Calamagrostis angustifolia,Calamagrostis,Poaceae,monocot,Emergent,depressional wetland,Acetylene inhibition,Sun and Liu 2007,3,0.00011553,0.00000328,0.00000568,0, , , , , , , 
Calamagrostis angustifolia,Calamagrostis,Poaceae,monocot,Emergent,depressional wetland,Acetylene inhibition,Sun and Liu 2007,3,0.000128788,0.00000765,0.0000133,2.00E-10, , , , , , , 
Calamagrostis angustifolia,Calamagrostis,Poaceae,monocot,Emergent,depressional wetland,Acetylene inhibition,Sun and Liu 2007,3,0.00013447,0.00000437,0.00000758,1.00E-10, , , , , , , 
Calamagrostis angustifolia,Calamagrostis,Poaceae,monocot,Emergent,depressional wetland,Acetylene inhibition,Sun and Liu 2007,3,0.000098485,0.00000219,0.00000379,0, , , , , , , 
Colocasia esculentus,Colocasia,Araceae,monocot,Forb-Emergent,microcosm experiments,Acetylene inhibition,Morgan et al 2008,8,0.000025,0.00000426,0.0000121,1.00E-10, , , , , , , 
Cyperus papyrus,Cyperus,Cyperaceae,monocot,Emergent,microcosm experiments,Acetylene inhibition,Morgan et al 2008,8,0.00000347,0.000001,0.00000284,0, , , , , , , 
Eichhornia crassipes,Eichhornia,Pontederiaceae,monocot,Forb-Emergent,constructed wetland,NO3 removal,Maine et al 2007,36,0.000209594,0.000037,0.000221923,4.93E-08, , , , , , , 
Eichhornia crassipes,Eichhornia,Pontederiaceae,monocot,Forb-Emergent,mesocosm experiments,Mass balance,Hamersley et al 2003,13,0.00055914,0.000150538,0.000542771,0.000000295, , , , , , , 
Eichhornia crassipes,Eichhornia,Pontederiaceae,monocot,Forb-Emergent,mesocosm experiments,Mass balance,Hamersley et al 2003,12,0.001870968,0.000645161,0.002234904,0.00000499, , , , , , , 
Elodea canadensis,Elodea,Hydrocharitaceae,monocot,Submersed,constructed wetland,DEA,Bastviken et al 2005,7,0.003522732,0.000544691,0.001441117,0.00000208, , , , , , , 
Elodea canadensis,Elodea,Hydrocharitaceae,monocot,Submersed,constructed wetland,DEA,Bastviken et al 2005,7,0.016973188,0.002239269,0.005924548,0.0000351, , , , , , , 
Elodea canadensis,Elodea,Hydrocharitaceae,monocot,Submersed,constructed wetland,NO3 removal,Bastviken et al 2009,3,0.000214273,0.000160705,0.000278349,7.75E-08, , , , , , , 
Elodea canadensis,Elodea,Hydrocharitaceae,monocot,Submersed,constructed wetland,NO3 removal,Bastviken et al 2009,3,0.000749955,0.001124932,0.00194844,0.0000038, , , , , , , 
Elodea canadensis,Elodea,Hydrocharitaceae,monocot,Submersed,constructed wetland,NO3 removal,Bastviken et al 2009,3,0.000107136,0.000107136,0.000185565,3.44E-08, , , , , , , 
Elodea canadensis,Elodea,Hydrocharitaceae,monocot,Submersed,constructed wetland,NO3 removal,Bastviken et al 2009,3,0.000214273,0.000374977,0.00064948,0.000000422, , , , , , , 
Elodea canadensis,Elodea,Hydrocharitaceae,monocot,Submersed,constructed wetland,NO3 removal,Bastviken et al 2009,3,0,0,0,0, , , , , , , 
Elodea canadensis,Elodea,Hydrocharitaceae,monocot,Submersed,constructed wetland,NO3 removal,Bastviken et al 2009,3,0,0,0,0, , , , , , , 
Elodea canadensis,Elodea,Hydrocharitaceae,monocot,Submersed,constructed wetland,NO3 removal,Bastviken et al 2009,3,0.00058925,0.00032141,0.000556698,0.00000031, , , , , , , 
Elodea canadensis,Elodea,Hydrocharitaceae,monocot,Submersed,constructed wetland,NO3 removal,Bastviken et al 2009,3,0.001285634,0.000482118,0.000835054,0.000000697, , , , , , , 
Elodea canadensis,Elodea,Hydrocharitaceae,monocot,Submersed,constructed wetland,NO3 removal,Bastviken et al 2009,3,0.000214273,0.000107136,0.000185565,3.44E-08, , , , , , , 
Elodea canadensis,Elodea,Hydrocharitaceae,monocot,Submersed,constructed wetland,NO3 removal,Bastviken et al 2009,3,-0.000267841,0.000321409,0.000556697,0.00000031, , , , , , , 
Elodea canadensis,Elodea,Hydrocharitaceae,monocot,Submersed,constructed wetland,NO3 removal,Bastviken et al 2009,3,0.000857091,0.000321407,0.000556693,0.00000031, , , , , , , 
Elodea canadensis,Elodea,Hydrocharitaceae,monocot,Submersed,constructed wetland,NO3 removal,Bastviken et al 2009,3,0.001928455,0.000803524,0.001391745,0.00000194, , , , , , , 
Elodea canadensis,Elodea,Hydrocharitaceae,monocot,Submersed,constructed wetland,NO3 removal,Bastviken et al 2009,3,0.002089158,0.000160703,0.000278346,7.75E-08, , , , , , , 
Elodea canadensis,Elodea,Hydrocharitaceae,monocot,Submersed,constructed wetland,NO3 removal,Bastviken et al 2009,3,0.001982023,0.001767752,0.003061836,0.00000937, , , , , , , 
Elodea canadensis,Elodea,Hydrocharitaceae,monocot,Submersed,constructed wetland,NO3 removal,Bastviken et al 2009,3,0.002231723,0.000425087,0.000736272,0.000000542, , , , , , , 
Elodea canadensis,Elodea,Hydrocharitaceae,monocot,Submersed,constructed wetland,NO3 removal,Bastviken et al 2009,3,0.002391127,0.001009587,0.001748656,0.00000306, , , , , , , 
Elodea canadensis,Elodea,Hydrocharitaceae,monocot,Submersed,constructed wetland,NO3 removal,Bastviken et al 2009,3,0.001169001,0.000159404,0.000276096,7.62E-08, , , , , , , 
Elodea canadensis,Elodea,Hydrocharitaceae,monocot,Submersed,constructed wetland,NO3 removal,Bastviken et al 2009,3,0.000903315,0.001062725,0.001840693,0.00000339, , , , , , , 
Elodea canadensis,Elodea,Hydrocharitaceae,monocot,Submersed,constructed wetland,NO3 removal,Bastviken et al 2009,3,0.001062722,0.000318818,0.000552208,0.000000305, , , , , , , 
Elodea canadensis,Elodea,Hydrocharitaceae,monocot,Submersed,constructed wetland,NO3 removal,Bastviken et al 2009,3,0.000956453,0.000265683,0.000460176,0.000000212, , , , , , , 
Elodea canadensis,Elodea,Hydrocharitaceae,monocot,Submersed,constructed wetland,NO3 removal,Bastviken et al 2009,3,0.00138154,0.000265683,0.000460176,0.000000212, , , , , , , 
Elodea canadensis,Elodea,Hydrocharitaceae,monocot,Submersed,constructed wetland,NO3 removal,Bastviken et al 2009,3,0.001115857,0.000265683,0.000460176,0.000000212, , , , , , , 
Elodea canadensis,Elodea,Hydrocharitaceae,monocot,Submersed,constructed wetland,NO3 removal,Bastviken et al 2009,3,0.001169001,0.000371952,0.00064424,0.000000415, , , , , , , 
Elodea canadensis,Elodea,Hydrocharitaceae,monocot,Submersed,constructed wetland,NO3 removal,Bastviken et al 2009,3,0.00127527,0.000159404,0.000276096,7.62E-08, , , , , , , 
Elodea canadensis,Elodea,Hydrocharitaceae,monocot,Submersed,constructed wetland,NO3 removal,Bastviken et al 2009,3,0.000797043,0.000265679,0.00046017,0.000000212, , , , , , , 
Elodea canadensis,Elodea,Hydrocharitaceae,monocot,Submersed,constructed wetland,NO3 removal,Bastviken et al 2009,3,0.001009587,0.000425087,0.000736272,0.000000542, , , , , , , 
Elodea nuttallii,Elodea,Hydrocharitaceae,monocot,Submersed,constructed wetland,Acetylene inhibition,Toet et al 2003,4,0.0000734,0.000055,0.000110091,1.21E-08, , , , , , , 
Elodea nuttallii,Elodea,Hydrocharitaceae,monocot,Submersed,constructed wetland,Acetylene inhibition,Toet et al 2003,4,0.000055,0.0000367,0.0000734,5.40E-09, , , , , , , 
Elodea nuttallii,Elodea,Hydrocharitaceae,monocot,Submersed,constructed wetland,Acetylene inhibition,Toet et al 2003,4,0.0000917,0.000055,0.000110092,1.21E-08, , , , , , , 
Elodea nuttallii,Elodea,Hydrocharitaceae,monocot,Submersed,constructed wetland,Acetylene inhibition,Toet et al 2003,4,0.000183486,0.000036697,0.000073394,5.40E-09, , , , , , , 
Glyceria maxima,Glyceria,Poaceae,monocot,Emergent,riparian wetland,DEA,Bodelier et al 1996,5,0.0000807,0.0000269,0.0000601,3.60E-09,5,0.000537829,0.000215133,0.000481053,0.000000231,-1.896802091,3.73E-08
Glyceria maxima,Glyceria,Poaceae,monocot,Emergent,riparian wetland,DEA,Bodelier et al 1996,5,0.0000359,0.00000896,0.00002,4.00E-10,5,0.000107566,0.0000359,0.0000802,6.40E-09,-1.097367317,7.00E-10
Glyceria maxima,Glyceria,Poaceae,monocot,Emergent,riparian wetland,DEA,Bodelier et al 1996,5,0.000170312,0.0000538,0.000120263,1.45E-08,5,0.000484046,0.000134458,0.000300656,9.04E-08,-1.044547894,8.40E-09
Glyceria maxima,Glyceria,Poaceae,monocot,Emergent,riparian wetland,DEA,Bodelier et al 1996,5,0.000170312,0.0000538,0.000120263,1.45E-08,5,0.000286842,0.0000448,0.000100218,0.00000001,-0.521299492,1.70E-09
Glyceria maxima,Glyceria,Poaceae,monocot,Emergent,riparian wetland,DEA,Bodelier et al 1996,5,0.000143421,0.0000359,0.0000802,6.40E-09,5,0.00018824,0.0000627,0.000140306,1.97E-08,-0.271933384,2.60E-09
Glyceria maxima,Glyceria,Poaceae,monocot,Emergent,riparian wetland,DEA,Bodelier et al 1996,5,0.0000896,0.0000269,0.0000601,3.60E-09,5,0.0000896,0.0000359,0.0000802,6.40E-09,0,1.30E-09
Glyceria maxima,Glyceria,Poaceae,monocot,Emergent,riparian wetland,DEA,Bodelier et al 1996,5,0.000528865,0.000170313,0.000380831,0.000000145,5,0.000358553,0.000161349,0.000360787,0.00000013,0.388656714,4.13E-08
Glyceria maxima,Glyceria,Poaceae,monocot,Emergent,riparian wetland,DEA,Bodelier et al 1996,5,0.001290787,0.000304773,0.000681494,0.000000464,5,0.000206168,0.000170307,0.000380817,0.000000145,1.834316019,1.25E-07
Glyceria maxima,Glyceria,Poaceae,monocot,Emergent,microcosm experiments,DEA,Bodelier et al 1998,4,0.000372879,0.000336116,0.000672232,0.000000452,4,0.0000368,0.0000158,0.0000315,0.000000001,2.315756125,3.68E-07
Glyceria maxima,Glyceria,Poaceae,monocot,Emergent,microcosm experiments,DEA,Bodelier et al 1998,4,0.000462159,0.000110289,0.000220577,4.87E-08,4,0.0000368,0.0000158,0.0000315,0.000000001,2.530411143,0.000000003
Glyceria maxima,Glyceria,Poaceae,monocot,Emergent,constructed wetland,DEA,Bastviken et al 2007,6,0.004914107,0.00066872,0.001638023,0.00000268, , , , , , , 
Glyceria maxima,Glyceria,Poaceae,monocot,Emergent,constructed wetland,DEA,Bastviken et al 2007,6,0.022932488,0.006687253,0.016380358,0.000268316, , , , , , , 
Glyceria maxima,Glyceria,Poaceae,monocot,Emergent,constructed wetland,DEA,Bastviken et al 2007,6,0.021294472,0.012037045,0.029484619,0.000869343, , , , , , , 
Glyceria maxima,Glyceria,Poaceae,monocot,Emergent,constructed wetland,DEA,Bastviken et al 2007,6,0.034398733,0.000668718,0.001638017,0.00000268, , , , , , , 
Glyceria maxima,Glyceria,Poaceae,monocot,Emergent,constructed wetland,DEA,Bastviken et al 2007,6,0.050779091,0.005349896,0.013104515,0.000171728, , , , , , , 
Glyceria maxima,Glyceria,Poaceae,monocot,Emergent,constructed wetland,DEA,Bastviken et al 2007,6,0.137594676,0.020061785,0.049141137,0.002414851, , , , , , , 
Glyceria maxima,Glyceria,Poaceae,monocot,Emergent,constructed wetland,DEA,Bastviken et al 2007,6,0.039312846,0.001337461,0.003276097,0.0000107, , , , , , , 
Glyceria maxima,Glyceria,Poaceae,monocot,Emergent,constructed wetland,DEA,Bastviken et al 2008,6,0.031122699,0.000668718,0.001638017,0.00000268, , , , , , , 
Glyceria maxima,Glyceria,Poaceae,monocot,Emergent,constructed wetland,DEA,Bastviken et al 2009,6,0.139233011,0.039454723,0.09664394,0.009340051, , , , , , , 
Glyceria maxima,Glyceria,Poaceae,monocot,Emergent,constructed wetland,DEA,Bastviken et al 2010,6,0.067159639,0.027417548,0.067159003,0.004510332, , , , , , , 
Glyceria maxima,Glyceria,Poaceae,monocot,Emergent,constructed wetland,DEA,Bastviken et al 2007,6,0.016380358,0.002006179,0.004914114,0.0000241, , , , , , , 
Glyceria maxima,Glyceria,Poaceae,monocot,Emergent,constructed wetland,DEA,Bastviken et al 2007,6,0.04422696,0.010030815,0.024570378,0.000603703, , , , , , , 
Glyceria maxima,Glyceria,Poaceae,monocot,Emergent,constructed wetland,DEA,Bastviken et al 2007,6,0.022932488,0.000668718,0.001638017,0.00000268, , , , , , , 
Glyceria maxima,Glyceria,Poaceae,monocot,Emergent,constructed wetland,DEA,Bastviken et al 2007,6,0.018018375,0.002006179,0.004914114,0.0000241, , , , , , , 
Glyceria maxima,Glyceria,Poaceae,monocot,Emergent,constructed wetland,DEA,Bastviken et al 2007,6,0.055693204,0.015380633,0.037674702,0.001419383, , , , , , , 
Glyceria maxima,Glyceria,Poaceae,monocot,Emergent,constructed wetland,DEA,Bastviken et al 2007,6,0.049141074,0.010029593,0.024567386,0.000603556, , , , , , , 
Glyceria maxima,Glyceria,Poaceae,monocot,Emergent,riparian wetland,Acetylene inhibition,Olde Venterink et al 2006,8,0.0203757,0.0007226,0.002043821,0.00000418, , , , , , , 
Glyceria maxima,Glyceria,Poaceae,monocot,Emergent,riparian wetland,Acetylene inhibition,Olde Venterink et al 2006,8,0.0206647,0.0002891,0.000817698,0.000000669, , , , , , , 
Glyceria maxima,Glyceria,Poaceae,monocot,Emergent,riparian wetland,Acetylene inhibition,Olde Venterink et al 2006,8,0.000241275,0.000119044,0.000336707,0.000000113, , , , , , , 
Glyceria maxima,Glyceria,Poaceae,monocot,Emergent,riparian wetland,Acetylene inhibition,Olde Venterink et al 2006,8,0.000235961,0.000119043,0.000336704,0.000000113, , , , , , , 
Halimione portulacoides,Halimione,Amaranthaceae,dicot,Tree-shrub,salt marsh,15N-NO3 addition,Eriksson et al 2003,6,0.000387755,0.000061225,0.00014997,2.25E-08,6,0.000969388,0.000316322,0.000774827,0.0000006,-0.916291248,6.44E-08
Hibiscus moscheutus,Hibiscus,Malvaceae,dicot,Forb-Emergent,microcosm experiments,Acetylene inhibition,Morgan et al 2008,8,0.000208187,0.0000911,0.000257654,6.64E-08, , , , , , , 
Hydrocotyle umbellata,Hydrocotyle,Araliaceae,dicot,Floating,microcosm experiments,NO3 removal,Hume et al 2002,4,0.006805227,0.000537246,0.001074492,0.00000115, , , , , , , 
Hydrocotyle umbellata,Hydrocotyle,Araliaceae,dicot,Floating,microcosm experiments,NO3 removal,Hume et al 2002,4,0.002149022,0.000238773,0.000477546,0.000000228, , , , , , , 
Hydrocotyle umbellata,Hydrocotyle,Araliaceae,dicot,Floating,microcosm experiments,NO3 removal,Hume et al 2002,3,0.001302639,0.000764728,0.001324548,0.00000175, , , , , , , 
Impatiens pallida,Impatiens,Balsaminaceae,dicot,Forb-Emergent,riparian wetland,DEA,McCarty et al 2007,2,0.001962045,0.0000995,0.00014074,1.98E-08,2,0.001293809,0.0000995,0.000140753,1.98E-08,0.416396716,2.00E-10
Impatiens pallida,Impatiens,Balsaminaceae,dicot,Forb-Emergent,riparian wetland,DEA,McCarty et al 2007,2,0.000853062,0.000113738,0.00016085,2.59E-08,2,0.000255919,0.0000995,0.000140748,1.98E-08,1.203971241,3.50E-09
Juncus effusus,Juncus,Juncaceae,monocot,Emergent,microcosm experiments,15N-NH4 addition,Reddy et al 1989,4,0.018125661,0.008238937,0.016477874,0.00027152,4,0.004531415,0.002059734,0.004119468,0.000017,1.386294416,5.96E-05
Juncus effusus,Juncus,Juncaceae,monocot,Emergent,riparian wetland,Acetylene inhibition,Verhoeven et al 2001,8,0.0000483,0.000032175,0.000091,8.30E-09, , , , , , , 
Juncus maritimus,Juncus,Juncaceae,monocot,Emergent,salt marsh,15N-NO3 addition,Eriksson et al 2003,6,0.000408163,0.000040817,0.0001,0.00000001,6,0.000969388,0.000316322,0.000774827,0.0000006,-0.86499834,6.39E-08
Juncus roemerianus,Juncus,Juncaceae,monocot,Submersed,constructed wetland,MIMS,Poe et al 2003,48,0.000830601,0.000306009,0.002120093,0.00000449, , , , , , , 
Juncus roemerianus,Juncus,Juncaceae,monocot,Submersed,constructed wetland,MIMS,Poe et al 2003,48,0.00222951,0.00026229,0.001817198,0.0000033, , , , , , , 
Juncus roemerianus,Juncus,Juncaceae,monocot,Submersed,constructed wetland,MIMS,Poe et al 2003,48,0.00406557,0.00052459,0.003634466,0.0000132, , , , , , , 
Lemna minor,Lemna,Araceae,monocot,Floating,microcosm experiments,NO3 removal,Hume et al 2002,4,0.008178204,0.000179086,0.000358173,0.000000128, , , , , , , 
Lemna minor,Lemna,Araceae,monocot,Floating,microcosm experiments,NO3 removal,Hume et al 2002,4,0.001969936,0.0000597,0.000119374,1.43E-08, , , , , , , 
Lemna minor,Lemna,Araceae,monocot,Floating,microcosm experiments,NO3 removal,Hume et al 2002,4,0.001386806,0.000518907,0.001037813,0.00000108, , , , , , , 
Limonium serotinum,Limonium,Plumbaginaceae,dicot,Forb-Emergent,salt marsh,15N-NO3 addition,Eriksson et al 2003,6,0.000336735,0.00005102,0.000124973,1.56E-08,6,0.000969388,0.000316322,0.000774827,0.0000006,-1.057368674,6.42E-08
Littorella uniflora,Littorella,Plantaginaceae,dicot,Forb-Emergent,riparian wetland,15N-NH4 addition,Ottosen et al 1999,3,0.000839921,0.000219571,0.000380308,0.000000145,3,0.00000304,0.00000861,0.0000149,2.00E-10,5.621450324,1.14E-08
Lythrum salicaria,Lythrum,Lythraceae,dicot,Forb-Emergent,tidal freshwater marsh,DEA,Otto et al 1999,9,0.021451488,0.002677701,0.008033102,0.0000645, , , , , , , 
Nuphar advena,Nuphar,Nymphaeaceae,dicot,Submersed,tidal freshwater marsh,Acetylene inhibition,Verhoeven et al 2001,8,0.0000483,0.000032175,0.000091,8.30E-09, , , , , , , 
Oryza sativa,Oryza,Poaceae,monocot,Emergent,microcosm experiments,15N-NH4 addition,Reddy et al 1989,4,0.035221455,0.004016482,0.008032963,0.0000645,4,0.006179203,0.001853761,0.003707522,0.0000137,1.740466115,2.07E-06
Oryza sativa,Oryza,Poaceae,monocot,Emergent,constructed wetland,Acetylene inhibition,Zhou and Hosomi 2008,14,0.016573035,0.002792114,0.010447136,0.000109143, , , , , , , 
Perennial,,,,,tidal freshwater marsh,DEA,Hopfensperger et al 2009,27,0.013711352,0.000302432,0.001571482,0.00000247, , , , , , , 
Perennial,,,,,tidal freshwater marsh,DEA,Hopfensperger et al 2009,27,0.009376131,0.006049118,0.031432139,0.000987979, , , , , , , 
Perennial,,,,,tidal freshwater marsh,MIMS,Hopfensperger et al 2009,2,0.001910051,0.00110483,0.001562466,0.00000244, , , , , , , 
Phalaris arundinacea,Phalaris,Poaceae,monocot,Emergent,microcosm experiments,15N-NO3 addition,Ruckauf et al 2004,4,0.02911922,0.00567578,0.011351561,0.000128858,4,0.03767402,0.005840296,0.011680591,0.000136436,-0.257572295,8.17E-06
Phalaris arundinacea,Phalaris,Poaceae,monocot,Emergent,constructed wetland,Acetylene inhibition,Xue et al 1999,12,0.0021,0.0002,0.00069282,0.00000048, , , , , , , 
Phalaris arundinacea,Phalaris,Poaceae,monocot,Emergent,constructed wetland,Acetylene inhibition,Xue et al 1999,3,0.0062,0.0014,0.002424871,0.00000588, , , , , , , 
Phalaris arundinacea,Phalaris,Poaceae,monocot,Emergent,constructed wetland,Acetylene inhibition,Xue et al 1999,3,0.0118,0.001,0.001732051,0.000003, , , , , , , 
Phalaris arundinacea,Phalaris,Poaceae,monocot,Emergent,constructed wetland,Acetylene inhibition,Xue et al 1999,14,0.0027,0.0005,0.001870829,0.0000035, , , , , , , 
Phalaris arundinacea,Phalaris,Poaceae,monocot,Emergent,constructed wetland,Acetylene inhibition,Xue et al 1999,6,0.002,0.0004,0.000979796,0.00000096, , , , , , , 
Phalaris arundinacea,Phalaris,Poaceae,monocot,Emergent,constructed wetland,Acetylene inhibition,Xue et al 1999,6,0.0039,0.0008,0.001959592,0.00000384, , , , , , , 
Phalaris arundinacea,Phalaris,Poaceae,monocot,Emergent,constructed wetland,Acetylene inhibition,Xue et al 1999,6,0.009,0.001,0.00244949,0.000006, , , , , , , 
Phragmites australis,Phragmites,Poaceae,monocot,Emergent,microcosm experiments,15N-NO3 addition,Ruckauf et al 2004,4,0.071454877,0.000905166,0.001810332,0.00000328,4,0.077098854,0.015068353,0.030136707,0.000908221,-0.076022257,3.47E-05
Phragmites australis,Phragmites,Poaceae,monocot,Emergent,microcosm experiments,Acetylene inhibition,Munch 2005,5,0.0000211,0.00000139,0.0000031,0,5,0.0000107,0.00000016,0.000000358,0,0.679029299,0
Phragmites australis,Phragmites,Poaceae,monocot,Emergent,constructed wetland,DEA,Ruiz-Rueda et al 2009,3,0.20550476,0.014819989,0.025668973,0.000658896,3,0.025688076,0.01679603,0.029091578,0.00084632,2.079442281,0.00036524
Phragmites australis,Phragmites,Poaceae,monocot,Emergent,constructed wetland,DEA,Ruiz-Rueda et al 2009,3,0.195624681,0.041496176,0.071873485,0.005165798,3,0.011856043,0.00197599,0.003422515,0.0000117,2.803360235,0.000232762
Phragmites australis,Phragmites,Poaceae,monocot,Emergent,constructed wetland,Acetylene inhibition,Toet et al 2003,4,0.000348624,0.000073394,0.000146788,2.15E-08, , , , , , , 
Phragmites australis,Phragmites,Poaceae,monocot,Emergent,constructed wetland,Acetylene inhibition,Toet et al 2003,4,0.000110092,0.000055046,0.000110092,1.21E-08, , , , , , , 
Phragmites australis,Phragmites,Poaceae,monocot,Emergent,constructed wetland,Acetylene inhibition,Toet et al 2003,4,0.000238532,0.000036697,0.000073394,5.40E-09, , , , , , , 
Phragmites australis,Phragmites,Poaceae,monocot,Emergent,constructed wetland,Acetylene inhibition,Toet et al 2003,4,0.000256881,0.000091743,0.000183486,3.37E-08, , , , , , , 
Phragmites australis,Phragmites,Poaceae,monocot,Emergent,constructed wetland,Acetylene inhibition,Toet et al 2003,4,0.00130275,0.00014679,0.00029358,8.62E-08, , , , , , , 
Phragmites australis,Phragmites,Poaceae,monocot,Emergent,constructed wetland,DEA,Bastviken et al 2005,7,0.001120872,0.000302606,0.00080062,0.000000641, , , , , , , 
Phragmites australis,Phragmites,Poaceae,monocot,Emergent,constructed wetland,DEA,Bastviken et al 2005,7,0.00768598,0.002299796,0.006084689,0.000037, , , , , , , 
Phragmites australis,Phragmites,Poaceae,monocot,Emergent,constructed wetland,N2 flux,Mander et al 2008,22,0.013026833,0.000551381,0.002586208,0.00000669, , , , , , , 
Phragmites australis,Phragmites,Poaceae,monocot,Emergent,constructed wetland,NH4 removal,Kuschk et al 2003,132,0.024583333,0.000689057,0.007916667,0.0000627, , , , , , , 
Phragmites australis,Phragmites,Poaceae,monocot,Emergent,constructed wetland,NH4 removal,Kuschk et al 2003,132,0.021666667,0.000507726,0.005833333,0.000034, , , , , , , 
Phragmites australis,Phragmites,Poaceae,monocot,Emergent,constructed wetland,NH4 removal,Kuschk et al 2003,132,0.024583333,0.000725324,0.008333333,0.0000694, , , , , , , 
Phragmites australis,Phragmites,Poaceae,monocot,Emergent,constructed wetland,NH4 removal,Kuschk et al 2003,132,0.02125,0.00047146,0.005416667,0.0000293, , , , , , , 
Phragmites australis,Phragmites,Poaceae,monocot,Emergent,constructed wetland,NO3 removal,Bastviken et al 2009,3,0.000160705,0.000107136,0.000185565,3.44E-08, , , , , , , 
Phragmites australis,Phragmites,Poaceae,monocot,Emergent,constructed wetland,NO3 removal,Bastviken et al 2009,3,0.000696386,0.000267841,0.000463915,0.000000215, , , , , , , 
Phragmites australis,Phragmites,Poaceae,monocot,Emergent,constructed wetland,NO3 removal,Bastviken et al 2009,3,0.000214273,0.000107136,0.000185565,3.44E-08, , , , , , , 
Phragmites australis,Phragmites,Poaceae,monocot,Emergent,constructed wetland,NO3 removal,Bastviken et al 2009,3,0.000642819,0.000214273,0.000371131,0.000000138, , , , , , , 
Phragmites australis,Phragmites,Poaceae,monocot,Emergent,constructed wetland,NO3 removal,Bastviken et al 2009,3,0,0,0,0, , , , , , , 
Phragmites australis,Phragmites,Poaceae,monocot,Emergent,constructed wetland,NO3 removal,Bastviken et al 2009,3,0,0,0,0, , , , , , , 
Phragmites australis,Phragmites,Poaceae,monocot,Emergent,constructed wetland,NO3 removal,Bastviken et al 2009,3,0.000535682,0.000160704,0.000278347,7.75E-08, , , , , , , 
Phragmites australis,Phragmites,Poaceae,monocot,Emergent,constructed wetland,NO3 removal,Bastviken et al 2009,3,0.000696386,0.001285636,0.002226787,0.00000496, , , , , , , 
Phragmites australis,Phragmites,Poaceae,monocot,Emergent,constructed wetland,NO3 removal,Bastviken et al 2009,3,0.000214273,0.000214274,0.000371133,0.000000138, , , , , , , 
Phragmites australis,Phragmites,Poaceae,monocot,Emergent,constructed wetland,NO3 removal,Bastviken et al 2009,3,-0.000267841,0.000267841,0.000463915,0.000000215, , , , , , , 
Phragmites australis,Phragmites,Poaceae,monocot,Emergent,constructed wetland,NO3 removal,Bastviken et al 2009,3,0.001553481,0.000428541,0.000742255,0.000000551, , , , , , , 
Phragmites australis,Phragmites,Poaceae,monocot,Emergent,constructed wetland,NO3 removal,Bastviken et al 2009,3,0.001928455,0.000642821,0.001113399,0.00000124, , , , , , , 
Phragmites australis,Phragmites,Poaceae,monocot,Emergent,constructed wetland,NO3 removal,Bastviken et al 2009,3,0.003267656,0.000107145,0.00018558,3.44E-08, , , , , , , 
Phragmites australis,Phragmites,Poaceae,monocot,Emergent,constructed wetland,NO3 removal,Bastviken et al 2009,3,0.004499731,0.00091066,0.001577309,0.00000249, , , , , , , 
Phragmites australis,Phragmites,Poaceae,monocot,Emergent,constructed wetland,NO3 removal,Bastviken et al 2009,3,0.00265681,0.000850183,0.001472561,0.00000217, , , , , , , 
Phragmites australis,Phragmites,Poaceae,monocot,Emergent,constructed wetland,NO3 removal,Bastviken et al 2009,3,0.003347579,0.002603675,0.004509697,0.0000203, , , , , , , 
Phragmites australis,Phragmites,Poaceae,monocot,Emergent,constructed wetland,NO3 removal,Bastviken et al 2009,3,0.000850179,0.000159408,0.000276102,7.62E-08, , , , , , , 
Phragmites australis,Phragmites,Poaceae,monocot,Emergent,constructed wetland,NO3 removal,Bastviken et al 2009,3,0.000797043,0.000371958,0.00064425,0.000000415, , , , , , , 
Phragmites australis,Phragmites,Poaceae,monocot,Emergent,constructed wetland,NO3 removal,Bastviken et al 2009,3,0.000797043,0.000265679,0.00046017,0.000000212, , , , , , , 
Phragmites australis,Phragmites,Poaceae,monocot,Emergent,constructed wetland,NO3 removal,Bastviken et al 2009,3,0.001434674,0.00069077,0.001196448,0.00000143, , , , , , , 
Phragmites australis,Phragmites,Poaceae,monocot,Emergent,constructed wetland,NO3 removal,Bastviken et al 2009,3,0.002231723,0.000371952,0.00064424,0.000000415, , , , , , , 
Phragmites australis,Phragmites,Poaceae,monocot,Emergent,constructed wetland,NO3 removal,Bastviken et al 2009,3,0.002444261,0.000425096,0.000736288,0.000000542, , , , , , , 
Phragmites australis,Phragmites,Poaceae,monocot,Emergent,constructed wetland,NO3 removal,Bastviken et al 2009,3,0.001806626,0.000159413,0.000276112,7.62E-08, , , , , , , 
Phragmites australis,Phragmites,Poaceae,monocot,Emergent,constructed wetland,NO3 removal,Bastviken et al 2009,3,0.001859771,0.000584491,0.001012368,0.00000102, , , , , , , 
Phragmites australis,Phragmites,Poaceae,monocot,Emergent,constructed wetland,NO3 removal,Bastviken et al 2009,3,0.000903315,0.000159407,0.000276101,7.62E-08, , , , , , , 
Phragmites australis,Phragmites,Poaceae,monocot,Emergent,constructed wetland,NO3 removal,Bastviken et al 2009,3,0.000956453,0.000159404,0.000276096,7.62E-08, , , , , , , 
Phragmites australis,Phragmites,Poaceae,monocot,Emergent,riparian wetland,Acetylene inhibition,Olde Venterink et al 2006,8,0.0137283,0.0005781,0.001635114,0.00000267, , , , , , , 
Phragmites australis,Phragmites,Poaceae,monocot,Emergent,riparian wetland,Acetylene inhibition,Olde Venterink et al 2006,8,0.0153179,0.0007226,0.002043821,0.00000418, , , , , , , 
Phragmites australis,Phragmites,Poaceae,monocot,Emergent,riparian wetland,Acetylene inhibition,Olde Venterink et al 2006,8,0.000684145,0.000357135,0.00101013,0.00000102, , , , , , , 
Phragmites australis,Phragmites,Poaceae,monocot,Emergent,riparian wetland,Acetylene inhibition,Olde Venterink et al 2006,8,0.00210771,0.00035713,0.001010116,0.00000102, , , , , , , 
Phragmites australis,Phragmites,Poaceae,monocot,Emergent,salt marsh,DEA,Windham and Meyerson 2003,12,0.004519109,0.000440027,0.001524297,0.00000232, , , , , , , 
Phragmites australis,Phragmites,Poaceae,monocot,Emergent,salt marsh,NO3 removal,Windham and Ehrenfeld 2003,3,0.00000216,0.00000048,0.000000832,0, , , , , , , 
Phragmites australis,Phragmites,Poaceae,monocot,Emergent,tidal freshwater marsh,Acetylene inhibition,Verhoeven et al 2001,8,0.002670529,0.000916988,0.002593632,0.00000673, , , , , , , 
Phragmites australis,Phragmites,Poaceae,monocot,Emergent,tidal freshwater marsh,Acetylene inhibition,Verhoeven et al 2001,8,0,0.0000322,0.000091,8.30E-09, , , , , , , 
Phragmites australis,Phragmites,Poaceae,monocot,Emergent,tidal freshwater marsh,DEA,Findlay et al 2003,3,0.006926566,0.00029688,0.000514211,0.000000264, , , , , , , 
Phragmites australis,Phragmites,Poaceae,monocot,Emergent,tidal freshwater marsh,DEA,Findlay et al 2003,3,0.003908567,0.000197902,0.000342776,0.000000117, , , , , , , 
Phragmites australis,Phragmites,Poaceae,monocot,Emergent,tidal freshwater marsh,DEA,Findlay et al 2003,3,0.005244427,0.003215883,0.005570073,0.000031, , , , , , , 
Phragmites australis,Phragmites,Poaceae,monocot,Emergent,tidal freshwater marsh,DEA,Findlay et al 2003,3,0.002968533,0.000494755,0.00085694,0.000000734, , , , , , , 
Phragmites australis,Phragmites,Poaceae,monocot,Emergent,tidal freshwater marsh,DEA,Findlay et al 2003,3,0.010043534,0.000247355,0.000428431,0.000000184, , , , , , , 
Phragmites australis,Phragmites,Poaceae,monocot,Emergent,tidal freshwater marsh,DEA,Findlay et al 2003,3,0.010191974,0.002325334,0.004027596,0.0000162, , , , , , , 
Phragmites australis,Phragmites,Poaceae,monocot,Emergent,tidal freshwater marsh,DEA,Otto et al 1999,9,0.024943802,0.003144122,0.009432366,0.000089, , , , , , , 
Pontederia cordata,Pontederia,Pontederiaceae,monocot,Forb-Emergent,microcosm experiments,15N-NH4 addition,Reddy et al 1989,4,0.029248226,0.001853761,0.003707522,0.0000137,4,0.004531415,0.002059734,0.004119468,0.000017,1.86478467,3.57E-06
Potamogeton pectinatus,Potamogeton,Potamogetonaceae,monocot,Submersed,constructed wetland,DEA,Bastviken et al 2007,6,0.00655213,0.001337461,0.003276097,0.0000107, , , , , , , 
Potamogeton pectinatus,Potamogeton,Potamogetonaceae,monocot,Submersed,constructed wetland,DEA,Bastviken et al 2007,6,0.018018375,0.002674896,0.00655213,0.0000429, , , , , , , 
Potamogeton pectinatus,Potamogeton,Potamogetonaceae,monocot,Submersed,constructed wetland,DEA,Bastviken et al 2007,6,0.003276072,0.02541151,0.062245233,0.003874469, , , , , , , 
Potamogeton pectinatus,Potamogeton,Potamogetonaceae,monocot,Submersed,constructed wetland,DEA,Bastviken et al 2007,6,0.014742341,0.000668718,0.001638017,0.00000268, , , , , , , 
Potamogeton pectinatus,Potamogeton,Potamogetonaceae,monocot,Submersed,constructed wetland,DEA,Bastviken et al 2007,6,0.013104261,0.002006179,0.004914114,0.0000241, , , , , , , 
Potamogeton pectinatus,Potamogeton,Potamogetonaceae,monocot,Submersed,constructed wetland,DEA,Bastviken et al 2007,6,0.024570505,0.000668744,0.00163808,0.00000268, , , , , , , 
Potamogeton pectinatus,Potamogeton,Potamogetonaceae,monocot,Submersed,constructed wetland,DEA,Bastviken et al 2007,6,0.003276072,0.001337445,0.003276059,0.0000107, , , , , , , 
Potamogeton pectinatus,Potamogeton,Potamogetonaceae,monocot,Submersed,constructed wetland,DEA,Bastviken et al 2007,6,0.009828227,0.002674896,0.00655213,0.0000429, , , , , , , 
Potamogeton pectinatus,Potamogeton,Potamogetonaceae,monocot,Submersed,constructed wetland,DEA,Bastviken et al 2007,6,0.029484619,0.005349818,0.013104325,0.000171723, , , , , , , 
Potamogeton pectinatus,Potamogeton,Potamogetonaceae,monocot,Submersed,constructed wetland,DEA,Bastviken et al 2007,6,0.013104261,0.006018536,0.014742341,0.000217337, , , , , , , 
Potamogeton pectinatus,Potamogeton,Potamogetonaceae,monocot,Submersed,constructed wetland,DEA,Bastviken et al 2007,6,0.00655213,0.000668718,0.001638017,0.00000268, , , , , , , 
Potamogeton pectinatus,Potamogeton,Potamogetonaceae,monocot,Submersed,constructed wetland,DEA,Bastviken et al 2007,6,0.013104261,0.001337461,0.003276097,0.0000107, , , , , , , 
Potamogeton pectinatus,Potamogeton,Potamogetonaceae,monocot,Submersed,constructed wetland,DEA,Bastviken et al 2007,6,0.001638036,0.000668725,0.001638036,0.00000268, , , , , , , 
Potamogeton pectinatus,Potamogeton,Potamogetonaceae,monocot,Submersed,constructed wetland,DEA,Bastviken et al 2007,6,0.004914107,0.00066872,0.001638023,0.00000268, , , , , , , 
Potamogeton pectinatus,Potamogeton,Potamogetonaceae,monocot,Submersed,constructed wetland,DEA,Bastviken et al 2007,6,0.016380358,0.001337461,0.003276097,0.0000107, , , , , , , 
Potamogeton pectinatus,Potamogeton,Potamogetonaceae,monocot,Submersed,constructed wetland,DEA,Bastviken et al 2007,6,0.00655213,0.002006179,0.004914114,0.0000241, , , , , , , 
Potamogeton pectinatus,Potamogeton,Potamogetonaceae,monocot,Submersed,riparian wetland,15N-NH4 addition,Ottosen et al 1999,3,0.000149148,0.0000689,0.000119315,1.42E-08,3,0,0,0,0, , 
Potamogeton perfoliatus,Potamogeton,Potamogetonaceae,monocot,Submersed,salt marsh,DEA,Caffrey and Kemp 1990,3,0.00014007,0.000014007,0.0000243,6.00E-10,3,0.000084042,0.000028014,0.0000485,2.40E-09,0.510825624,3.00E-10
Potamogeton perfoliatus,Potamogeton,Potamogetonaceae,monocot,Submersed,salt marsh,DEA,Caffrey and Kemp 1990,3,0.008936466,0.00154077,0.002668692,0.00000712,3,0.00308154,0.001554777,0.002692953,0.00000725,1.064710737,2.06E-06
Potamogeton perfoliatus,Potamogeton,Potamogetonaceae,monocot,Submersed,salt marsh,DEA,Caffrey and Kemp 1990,3,0.003669834,0.000210105,0.000363913,0.000000132,3,0.000364182,0.00014007,0.000242608,5.89E-08,2.310247966,9.20E-09
Potamogeton perfoliatus,Potamogeton,Potamogetonaceae,monocot,Submersed,experimental estuarine pond,15N-NH4 addition,Caffrey and Kemp 1992, ,0.000000819, ,0.000000403,0, ,0.000000895, ,0.000000517,0, , 
Potamogeton perfoliatus,Potamogeton,Potamogetonaceae,monocot,Submersed,experimental estuarine pond,15N-NH4 addition,Caffrey and Kemp 1992, ,0.000000731, ,0.000000618,0, ,0.000000517, ,0.00000187,0, , 
Quercus spp,Quercus,Fagaceae,dicot,Tree-shrub,riparian wetland,DEA,Groffman et al 1992,3,0.000435595,0.000081,0.000140367,1.97E-08, , , , , , , 
Quercus spp,Quercus,Fagaceae,dicot,Tree-shrub,riparian wetland,DEA,Groffman et al 1992,3,0.000111431,0.000101301,0.000175459,3.08E-08, , , , , , , 
Quercus spp,Quercus,Fagaceae,dicot,Tree-shrub,riparian wetland,DEA,Groffman et al 1992,5,0.000293773,0.000111431,0.000249168,6.21E-08, , , , , , , 
Quercus spp,Quercus,Fagaceae,dicot,Tree-shrub,riparian wetland,DEA,Groffman et al 1992,5,0.000688848,0.000303903,0.000679549,0.000000462, , , , , , , 
Quercus spp,Quercus,Fagaceae,dicot,Tree-shrub,riparian wetland,DEA,Groffman et al 1992,5,0.000334294,0.0000912,0.000203865,4.16E-08, , , , , , , 
Quercus spp,Quercus,Fagaceae,dicot,Tree-shrub,riparian wetland,DEA,Groffman et al 1992,5,0.000222862,0.0000912,0.000203865,4.16E-08, , , , , , , 
Quercus spp,Quercus,Fagaceae,dicot,Tree-shrub,riparian wetland,DEA,Groffman et al 1992,3,0,0.0000709,0.000122821,1.51E-08, , , , , , , 
Quercus spp,Quercus,Fagaceae,dicot,Tree-shrub,riparian wetland,DEA,Groffman et al 1992,3,0.000162082,0.0000405,0.0000702,4.90E-09, , , , , , , 
Quercus spp,Quercus,Fagaceae,dicot,Tree-shrub,riparian wetland,DEA,Groffman et al 1992,5,0.000395074,0.0000608,0.00013591,1.85E-08, , , , , , , 
Quercus spp,Quercus,Fagaceae,dicot,Tree-shrub,riparian wetland,DEA,Groffman et al 1992,5,0.000759758,0.000182342,0.000407729,0.000000166, , , , , , , 
Quercus spp,Quercus,Fagaceae,dicot,Tree-shrub,riparian wetland,DEA,Groffman et al 1992,5,0.0000304,0.0000405,0.0000906,8.20E-09, , , , , , , 
Quercus spp,Quercus,Fagaceae,dicot,Tree-shrub,riparian wetland,DEA,Groffman et al 1992,5,0.000151952,0.000081,0.000181213,3.28E-08, , , , , , , 
Quercus spp,Quercus,Fagaceae,dicot,Tree-shrub,riparian wetland,DEA,Groffman et al 1992,3,0.000354554,0.000243123,0.000421101,0.000000177, , , , , , , 
Quercus spp,Quercus,Fagaceae,dicot,Tree-shrub,riparian wetland,DEA,Groffman et al 1992,3,0.000547026,0.000303903,0.000526376,0.000000277, , , , , , , 
Quercus spp,Quercus,Fagaceae,dicot,Tree-shrub,riparian wetland,DEA,Groffman et al 1992,5,0.00092184,0.000111431,0.000249168,6.21E-08, , , , , , , 
Quercus spp,Quercus,Fagaceae,dicot,Tree-shrub,riparian wetland,DEA,Groffman et al 1992,5,0.000982621,0.000283643,0.000634245,0.000000402, , , , , , , 
Quercus spp,Quercus,Fagaceae,dicot,Tree-shrub,riparian wetland,DEA,Groffman et al 1992,5,0,0.0000709,0.000158561,2.51E-08, , , , , , , 
Quercus spp,Quercus,Fagaceae,dicot,Tree-shrub,riparian wetland,DEA,Groffman et al 1992,5,0,0.000131691,0.000294471,8.67E-08, , , , , , , 
Quercus spp,Quercus,Fagaceae,dicot,Tree-shrub,riparian wetland,DEA,Hanson et al 1994,15,0.0000775,0.0000271,0.000105048,0.000000011, , , , , , , 
Quercus spp,Quercus,Fagaceae,dicot,Tree-shrub,riparian wetland,DEA,Hanson et al 1994,15,0.000191338,0.0000422,0.000163332,2.67E-08, , , , , , , 
Quercus spp,Quercus,Fagaceae,dicot,Tree-shrub,riparian wetland,DEA,Hanson et al 1994,15,0.0000552,0.0000173,0.0000671,4.50E-09, , , , , , , 
Quercus spp,Quercus,Fagaceae,dicot,Tree-shrub,riparian wetland,DEA,Hanson et al 1994,15,0.0000662,0.000016,0.0000618,3.80E-09, , , , , , , 
Salix cineria,Salix,Salicaceae,dicot,Tree-shrub,microcosm experiments,15N-NH4 addition,Lusby et al 1998,3,0.000861493,0.000632954,0.001096308,0.0000012,3,0.000768358,0.000458042,0.000793352,0.000000629,0.11441116,8.70E-07
Salix cineria,Salix,Salicaceae,dicot,Tree-shrub,riparian wetland,DEA,Lusby et al 1998,6,0.0000939,0.00000572,0.000014,2.00E-10,6,0.000000737,0.000000752,0.00000184,0,4.847397773,0
Salix nigra,Salix,Salicaceae,dicot,Tree-shrub,microcosm experiments,Acetylene inhibition,Morgan et al 2008,8,0.000475103,0.000226308,0.000640095,0.00000041, , , , , , , 
Salix spp,Salix,Salicaceae,dicot,Tree-shrub,riparian wetland,Acetylene inhibition,Olde Venterink et al 2006,8,0.0141618,0.0004336,0.001226406,0.0000015, , , , , , , 
Salix spp,Salix,Salicaceae,dicot,Tree-shrub,riparian wetland,Acetylene inhibition,Olde Venterink et al 2006,8,0.0144509,0.000289,0.000817415,0.000000668, , , , , , , 
Salix spp,Salix,Salicaceae,dicot,Tree-shrub,riparian wetland,Acetylene inhibition,Olde Venterink et al 2006,8,0.000671036,0.000178565,0.000505058,0.000000255, , , , , , , 
Salix spp,Salix,Salicaceae,dicot,Tree-shrub,riparian wetland,Acetylene inhibition,Olde Venterink et al 2006,8,0.0014395,0.00047618,0.00134684,0.00000181, , , , , , , 
Salix spp,Salix,Salicaceae,dicot,Tree-shrub,tidal freshwater marsh,Acetylene inhibition,Verhoeven et al 2001,8,0.003490992,0.000868717,0.002457102,0.00000604, , , , , , , 
Schoenoplectus acutus,Schoenoplectus,Cyperaceae,monocot,Emergent,constructed wetland,MIMS,Smith et al 2000,3,0.009594795,0.002409204,0.004172864,0.0000174,3,0.013656825,0.00434217,0.007520859,0.0000566,-0.353018633,6.82E-06
Schoenoplectus acutus,Schoenoplectus,Cyperaceae,monocot,Emergent,constructed wetland,MIMS,Smith et al 2000,3,0,0,0,0,3,0.002479239,0.000616308,0.001067477,0.00000114, , 
Schoenoplectus acutus,Schoenoplectus,Cyperaceae,monocot,Emergent,constructed wetland,MIMS,Smith et al 2000,3,0,0,0,0,3,0.002773386,0.002773386,0.004803645,0.0000231, , 
Schoenoplectus californicus,Schoenoplectus,Cyperaceae,monocot,Emergent,constructed wetland,MIMS,Smith et al 2000,3,0.000882441,0.000868434,0.001504172,0.00000226,3,0.002479239,0.000616308,0.001067477,0.00000114,-1.033015006,2.26E-06
Schoenoplectus californicus,Schoenoplectus,Cyperaceae,monocot,Emergent,constructed wetland,MIMS,Smith et al 2000,3,0.020394192,0.005756877,0.009971203,0.0000994,3,0.013656825,0.00434217,0.007520859,0.0000566,0.401010758,1.36E-05
Schoenoplectus californicus,Schoenoplectus,Cyperaceae,monocot,Emergent,constructed wetland,MIMS,Smith et al 2000,3,0.034233108,0.002451225,0.004245646,0.000018,3,0.013656825,0.00434217,0.007520859,0.0000566,0.918953849,5.82E-06
Schoenoplectus californicus,Schoenoplectus,Cyperaceae,monocot,Emergent,constructed wetland,MIMS,Smith et al 2000,3,0,0,0,0,3,0.002773386,0.002773386,0.004803645,0.0000231, , 
Schoenoplectus pungens,Schoenoplectus,Cyperaceae,monocot,Emergent,salt marsh,N2 flux,Davis et al 2004,2,-0.006388933,0.001720102,0.002432591,0.00000592,2,-0.016218042,0.004177383,0.005907711,0.0000349, , 
Schoenoplectus spp,Schoenoplectus,Cyperaceae,monocot,Emergent,constructed wetland,Acetylene inhibition,Hunt et al 2003,9,0.007681154,0.00209592,0.006287759,0.0000395, , , , , , , 
Schoenoplectus spp,Schoenoplectus,Cyperaceae,monocot,Emergent,constructed wetland,Acetylene inhibition,Hunt et al 2009,8,0.158486947,0.044826878,0.126789558,0.016075592, , , , , , , 
Schoenoplectus spp,Schoenoplectus,Cyperaceae,monocot,Emergent,constructed wetland,Acetylene inhibition,Hunt et al 2009,8,0.443763452,0.048562451,0.137355354,0.018866493, , , , , , , 
Schoenoplectus spp,Schoenoplectus,Cyperaceae,monocot,Emergent,constructed wetland,Acetylene inhibition,Hunt et al 2009,8,0.227164624,0.089653756,0.253579115,0.064302368, , , , , , , 
Schoenoplectus spp,Schoenoplectus,Cyperaceae,monocot,Emergent,constructed wetland,DEA,Hunt et al 2003,9,0.055642356,0.014189587,0.042568762,0.001812099, , , , , , , 
Schoenoplectus spp,Schoenoplectus,Cyperaceae,monocot,Emergent,constructed wetland,DEA,Hunt et al 2009,8,0.882244005,0.123273914,0.348671283,0.121571664, , , , , , , 
Schoenoplectus tabernaemontani,Schoenoplectus,Cyperaceae,monocot,Emergent,constructed wetland,DEA,Hernandez and Mitsch 2007,8,0.0000764,0.0000191,0.000054,2.90E-09, , , , , , , 
Schoenoplectus tabernaemontani,Schoenoplectus,Cyperaceae,monocot,Emergent,mesocosm experiments,Mass balance,Tanner and Kadlec 2003,18,0.057573627,0.009485668,0.040244283,0.001619602, , , , , , , 
Schoenoplectus tabernaemontani,Schoenoplectus,Cyperaceae,monocot,Emergent,mesocosm experiments,Mass balance,Tanner et al 2002,5,0.075583333,0.010460408,0.023390184,0.000547101, , , , , , , 
Schoenoplectus tabernaemontani,Schoenoplectus,Cyperaceae,monocot,Emergent,mesocosm experiments,Mass balance,Tanner et al 2002,5,0.099333333,0.010406328,0.023269257,0.000541458, , , , , , , 
Schoenoplectus tabernaemontani,Schoenoplectus,Cyperaceae,monocot,Emergent,mesocosm experiments,Mass balance,Tanner et al 2002,5,0.020333333,0.011390633,0.02547023,0.000648733, , , , , , , 
Schoenoplectus tabernaemontani,Schoenoplectus,Cyperaceae,monocot,Emergent,mesocosm experiments,Mass balance,Tanner et al 2002,5,0.036083333,0.008746626,0.019558051,0.000382517, , , , , , , 
Scirpus acutus,Scirpus,Cyperaceae,monocot,Emergent,microcosm experiments,NO3 removal,Hume et al 2002,4,0.007879732,0.000537259,0.001074518,0.00000115, , , , , , , 
Scirpus acutus,Scirpus,Cyperaceae,monocot,Emergent,microcosm experiments,NO3 removal,Hume et al 2002,4,0.002149022,0.000119387,0.000238773,0.000000057, , , , , , , 
Scirpus acutus,Scirpus,Cyperaceae,monocot,Emergent,microcosm experiments,NO3 removal,Hume et al 2002,5,0.001203179,0.000549424,0.001228549,0.00000151, , , , , , , 
Scirpus mariqueter,Scirpus,Cyperaceae,monocot,Emergent,salt marsh,Acetylene inhibition,Wang et al 2007,3,0.000328164,0.000056028,0.000097,9.40E-09,3,0.000308154,0.000036,0.0000624,3.90E-09,0.062913825,3.00E-10
Scirpus mariqueter,Scirpus,Cyperaceae,monocot,Emergent,salt marsh,Acetylene inhibition,Wang et al 2007,3,0.000476238,0.000024,0.0000416,1.70E-09,3,0.000380191,0.000028014,0.0000485,2.40E-09,0.225243971,0
Scirpus mariqueter,Scirpus,Cyperaceae,monocot,Emergent,salt marsh,Acetylene inhibition,Wang et al 2007,3,0.00050025,0.000044,0.0000762,5.80E-09,3,0.000316158,0.000056028,0.000097,9.40E-09,0.458865885,3.00E-10
Scirpus olneyi,Scirpus,Cyperaceae,monocot,Emergent,salt marsh,DEA,Matamala and Drake 1999,5,0.000472953,0.000169967,0.000380057,0.000000144, , , , , , , 
Scirpus olneyi,Scirpus,Cyperaceae,monocot,Emergent,salt marsh,DEA,Matamala and Drake 1999,5,0.000284511,0.000085,0.000190029,3.61E-08, , , , , , , 
Scirpus olneyi,Scirpus,Cyperaceae,monocot,Emergent,salt marsh,DEA,Matamala and Drake 1999,5,0.000280816,0.0000739,0.000165243,2.73E-08, , , , , , , 
Scirpus olneyi,Scirpus,Cyperaceae,monocot,Emergent,salt marsh,DEA,Matamala and Drake 1999,5,0.000218002,0.0000628,0.000140456,1.97E-08, , , , , , , 
Scirpus olneyi,Scirpus,Cyperaceae,monocot,Emergent,salt marsh,DEA,Matamala and Drake 1999,5,0.000192137,0.000048,0.000107408,1.15E-08, , , , , , , 
Scirpus olneyi,Scirpus,Cyperaceae,monocot,Emergent,salt marsh,DEA,Matamala and Drake 1999,5,0.000085,0.0000185,0.0000413,1.70E-09, , , , , , , 
Scirpus spp,Scirpus,Cyperaceae,monocot,Emergent,constructed wetland,NO3 removal,Bachand and Horne 2000,27,0.005458333,0.00321552,0.016708333,0.000279168, , , , , , , 
Scirpus spp,Scirpus,Cyperaceae,monocot,Emergent,constructed wetland,NO3 removal,Bachand and Horne 2000,27,0.016291667,0.003015051,0.015666667,0.000245444, , , , , , , 
Scirpus spp,Scirpus,Cyperaceae,monocot,Emergent,mesocosm experiments,NO3 removal,Gebremariam 2008,3,0.01336125,0.0007526,0.001303542,0.0000017, , , , , , , 
Scirpus spp,Scirpus,Cyperaceae,monocot,Emergent,mesocosm experiments,NO3 removal,Gebremariam 2008,3,0.016131292,0.001411116,0.002444125,0.00000597, , , , , , , 
Scirpus spp,Scirpus,Cyperaceae,monocot,Emergent,mesocosm experiments,NO3 removal,Gebremariam 2008,3,0.011731833,0.002540028,0.004399458,0.0000194, , , , , , , 
Scirpus spp,Scirpus,Cyperaceae,monocot,Emergent,mesocosm experiments,NO3 removal,Gebremariam 2008,3,0.009939458,0.0022578,0.003910625,0.0000153, , , , , , , 
Scirpus spp,Scirpus,Cyperaceae,monocot,Emergent,mesocosm experiments,NO3 removal,Gebremariam 2008,3,0.00635475,0.000564456,0.000977667,0.000000956, , , , , , , 
Scirpus spp,Scirpus,Cyperaceae,monocot,Emergent,mesocosm experiments,NO3 removal,Gebremariam 2008,3,0.006191792,0.000282228,0.000488833,0.000000239, , , , , , , 
Scirpus spp,Scirpus,Cyperaceae,monocot,Emergent,tidal freshwater marsh,Acetylene inhibition,Verhoeven et al 2001,8,0.0000322,0.0000483,0.000136507,1.86E-08, , , , , , , 
Spartina alterniflora,Spartina,Poaceae,monocot,Emergent,salt marsh,DEA,Wigand et al 2004,10,0.136426941,0.107100457,0.338681381,0.114705078, , , , , , , 
Spartina alterniflora,Spartina,Poaceae,monocot,Emergent,salt marsh,DEA,Wigand et al 2004,10,0.635547945,0.237716895,0.751726826,0.565093222, , , , , , , 
Spartina alterniflora,Spartina,Poaceae,monocot,Emergent,salt marsh,DEA,Wigand et al 2004,10,0.048127854,0.019280822,0.060971312,0.003717501, , , , , , , 
Spartina alterniflora,Spartina,Poaceae,monocot,Emergent,salt marsh,DEA,Wigand et al 2004,10,0.538778539,0.251678082,0.795875977,0.633418571, , , , , , , 
Spartina alterniflora (short),Spartina,Poaceae,monocot,Emergent,salt marsh,DEA,Dollhopf et al 2004,2,0.000667803,0.0000742,0.000104935,0.000000011,2,0.006121523,0.000185506,0.000262345,6.88E-08,-2.215572981,2.00E-10
Spartina alterniflora (short),Spartina,Poaceae,monocot,Emergent,salt marsh,DEA,Dollhopf et al 2004,2,0.001892107,0.000333907,0.000472216,0.000000223,2,0.004303617,0.001409809,0.001993771,0.00000398,-0.821764809,4.35E-07
Spartina alterniflora (short),Spartina,Poaceae,monocot,Emergent,salt marsh,15N-N2O addition,Anderson et al 1997,3,0.0000624,0.0000141,0.0000244,6.00E-10,3,0.000123799,0.0000634,0.000109828,1.21E-08,-0.685094007,3.20E-09
Spartina alterniflora (short),Spartina,Poaceae,monocot,Emergent,salt marsh,15N-N2O addition,Anderson et al 1997,3,0.0000433,0.0000151,0.0000261,7.00E-10,3,0.0000252,0.0000161,0.0000279,8.00E-10,0.541308641,4.00E-10
Spartina alterniflora (short),Spartina,Poaceae,monocot,Emergent,salt marsh,15N-N2O addition,Anderson et al 1997,3,0.000112728,0.0000252,0.0000436,1.90E-09,3,0.0000564,0.0000403,0.0000697,4.90E-09,0.692508679,2.60E-09
Spartina alterniflora (short),Spartina,Poaceae,monocot,Emergent,salt marsh,15N-N2O addition,Anderson et al 1997,3,0.000115747,0.0000433,0.000075,5.60E-09,3,0.0000453,0.0000463,0.0000802,6.40E-09,0.938099742,7.40E-09
Spartina alterniflora (short),Spartina,Poaceae,monocot,Emergent,salt marsh,15N-N2O addition,Anderson et al 1997,3,0.0000845,0.00000906,0.0000157,2.00E-10,3,0,0,0,0, , 
Spartina alterniflora (short),Spartina,Poaceae,monocot,Emergent,salt marsh,15N-N2O addition,Anderson et al 1997,3,0,0,0,0,3,0.000230488,0.0000453,0.0000784,6.20E-09, , 
Spartina alterniflora (short),Spartina,Poaceae,monocot,Emergent,salt marsh,N2:Ar,Kaplan et al 1979,1,0.000217391,0.000163044,0.000163044,2.66E-08,1,0.00284932,0.00038356,0.00038356,0.000000147, , 
Spartina alterniflora (short),Spartina,Poaceae,monocot,Emergent,salt marsh,N2:Ar,Kaplan et al 1979,1,0.000380435,0.000163043,0.000163043,2.66E-08,1,0.00378082,0.00043836,0.00043836,0.000000192, , 
Spartina alterniflora (short),Spartina,Poaceae,monocot,Emergent,salt marsh,N2:Ar,Kaplan et al 1979,1,0.00119565,0.00027174,0.00027174,7.38E-08,1,0.00487671,0.00038356,0.00038356,0.000000147, , 
Spartina alterniflora (short),Spartina,Poaceae,monocot,Emergent,salt marsh,N2:Ar,Kaplan et al 1979,1,0.00125,0.00027174,0.00027174,7.38E-08, , , , , , , 
Spartina alterniflora (short),Spartina,Poaceae,monocot,Emergent,salt marsh,N2:Ar,Kaplan et al 1979,1,0.00195652,0.00016305,0.00016305,2.66E-08,1,0.00438356,0.00054795,0.00054795,0.0000003, , 
Spartina alterniflora (short),Spartina,Poaceae,monocot,Emergent,salt marsh,N2:Ar,Kaplan et al 1979,1,0.00157609,0.00010869,0.00010869,1.18E-08,1,0.00164384,0.00054794,0.00054794,0.0000003, , 
Spartina alterniflora (short),Spartina,Poaceae,monocot,Emergent,salt marsh,N2:Ar,Kaplan et al 1979,1,0.00108696,0.00016304,0.00016304,2.66E-08,1,0.00164384,0.00054794,0.00054794,0.0000003, , 
Spartina alterniflora (short),Spartina,Poaceae,monocot,Emergent,salt marsh,N2:Ar,Kaplan et al 1979,1,0.000923913,0.000163047,0.000163047,2.66E-08,1,0.000712329,0.000109589,0.000109589,0.000000012, , 
Spartina alterniflora (short),Spartina,Poaceae,monocot,Emergent,salt marsh,N2:Ar,Kaplan et al 1979,1,0.000163043,0.000163044,0.000163044,2.66E-08, , , , , , , 
Spartina alterniflora (tall),Spartina,Poaceae,monocot,Emergent,salt marsh,DEA,Dollhopf et al 2004,2,0.008236241,0.000111296,0.000157396,2.48E-08,2,0.006121523,0.000185506,0.000262345,6.88E-08,0.296733129,1.00E-10
Spartina alterniflora (tall),Spartina,Poaceae,monocot,Emergent,salt marsh,DEA,Dollhopf et al 2004,2,0.006492525,0.001892117,0.002675857,0.00000716,2,0.004303617,0.001409809,0.001993771,0.00000398,0.411195683,1.04E-06
Spartina alterniflora (tall),Spartina,Poaceae,monocot,Emergent,salt marsh,N2:Ar,Kaplan et al 1979,1,0.000543478,0.000163044,0.000163044,2.66E-08,1,0.00284932,0.00038356,0.00038356,0.000000147, , 
Spartina alterniflora (tall),Spartina,Poaceae,monocot,Emergent,salt marsh,N2:Ar,Kaplan et al 1979,1,0.00125,0.00016304,0.00016304,2.66E-08,1,0.00487671,0.00038356,0.00038356,0.000000147, , 
Spartina alterniflora (tall),Spartina,Poaceae,monocot,Emergent,salt marsh,N2:Ar,Kaplan et al 1979,1,0.00320652,0.00016305,0.00016305,2.66E-08, , , , , , , 
Spartina alterniflora (tall),Spartina,Poaceae,monocot,Emergent,salt marsh,N2:Ar,Kaplan et al 1979,1,0.0026087,0.00048913,0.00048913,0.000000239,1,0.00438356,0.00054795,0.00054795,0.0000003, , 
Spartina alterniflora (tall),Spartina,Poaceae,monocot,Emergent,salt marsh,N2:Ar,Kaplan et al 1979,1,0.00271739,0.00032609,0.00032609,0.000000106,1,0.00164384,0.00054794,0.00054794,0.0000003, , 
Spartina alterniflora (tall),Spartina,Poaceae,monocot,Emergent,salt marsh,N2:Ar,Kaplan et al 1979,1,0.00184783,0.00032608,0.00032608,0.000000106, , , , , , , 
Spartina alterniflora (tall),Spartina,Poaceae,monocot,Emergent,salt marsh,N2:Ar,Kaplan et al 1979,1,0.00157609,0.00032608,0.00032608,0.000000106,1,0.000712329,0.000109589,0.000109589,0.000000012, , 
Spartina alterniflora (tall),Spartina,Poaceae,monocot,Emergent,salt marsh,N2:Ar,Kaplan et al 1979,1,0.000815217,0.000163044,0.000163044,2.66E-08, , , , , , , 
Spartina patens,Spartina,Poaceae,monocot,Emergent,salt marsh,N2 flux,Davis et al 2004,2,0.003317327,0.00086005,0.001216294,0.00000148,2,0.008109035,0.00147438,0.002085088,0.00000435,-0.893819534,2.43E-07
Spartina patens,Spartina,Poaceae,monocot,Emergent,salt marsh,N2 flux,Davis et al 2004,2,0.019781128,0.004054518,0.005733954,0.0000329,2,0.009460528,0.010689167,0.015116765,0.000228517,0.737600156,0.00029311
Spartina patens,Spartina,Poaceae,monocot,Emergent,salt marsh,DEA,Wigand et al 2004,10,0.041004566,0.010182648,0.032200362,0.001036863, , , , , , , 
Spartina patens,Spartina,Poaceae,monocot,Emergent,salt marsh,DEA,Wigand et al 2004,10,0.237945205,0.102579909,0.324386154,0.105226377, , , , , , , 
Spartina patens,Spartina,Poaceae,monocot,Emergent,salt marsh,DEA,Wigand et al 2004,10,0.036369863,0.010057078,0.031803272,0.001011448, , , , , , , 
Spartina patens,Spartina,Poaceae,monocot,Emergent,salt marsh,DEA,Wigand et al 2004,10,0.06543379,0.045582192,0.144143547,0.020777362, , , , , , , 
Spartina patens,Spartina,Poaceae,monocot,Emergent,salt marsh,DEA,Windham and Meyerson 2003,12,0.001578099,0.000900763,0.003120336,0.00000974, , , , , , , 
Spartina patens,Spartina,Poaceae,monocot,Emergent,salt marsh,N2 flux,Davis et al 2004,2,0.007248972,0.012409263,0.017549348,0.00030798,2,-0.003563066,0.005774619,0.008166545,0.0000667, , 
Spartina patens,Spartina,Poaceae,monocot,Emergent,salt marsh,N2 flux,Davis et al 2004,2,0.008109035,0.00098292,0.001390059,0.00000193,2,-0.001351507,0.000368592,0.000521268,0.000000272, , 
Spartina patens,Spartina,Poaceae,monocot,Emergent,salt marsh,N2:Ar,Kaplan et al 1979,1,0,0.000113208,0.000113208,1.28E-08,1,0.00186301,0.00016439,0.00016439,0.000000027, , 
Spartina patens,Spartina,Poaceae,monocot,Emergent,salt marsh,N2:Ar,Kaplan et al 1979,1,0.0000566,0.000169811,0.000169811,2.88E-08, , , , , , , 
Spartina patens,Spartina,Poaceae,monocot,Emergent,salt marsh,N2:Ar,Kaplan et al 1979,1,0.000396226,0.000169812,0.000169812,2.88E-08,1,0.00284932,0.00038356,0.00038356,0.000000147, , 
Spartina patens,Spartina,Poaceae,monocot,Emergent,salt marsh,N2:Ar,Kaplan et al 1979,1,0.000509434,0.000169811,0.000169811,2.88E-08,1,0.00487671,0.00038356,0.00038356,0.000000147, , 
Spartina patens,Spartina,Poaceae,monocot,Emergent,salt marsh,N2:Ar,Kaplan et al 1979,1,0.000735849,0.000169811,0.000169811,2.88E-08, , , , , , , 
Spartina patens,Spartina,Poaceae,monocot,Emergent,salt marsh,N2:Ar,Kaplan et al 1979,1,0.00107547,0.00011321,0.00011321,1.28E-08,1,0.00438356,0.00054795,0.00054795,0.0000003, , 
Spartina patens,Spartina,Poaceae,monocot,Emergent,salt marsh,N2:Ar,Kaplan et al 1979,1,0.000679245,0.000169812,0.000169812,2.88E-08, , , , , , , 
Spartina patens,Spartina,Poaceae,monocot,Emergent,salt marsh,N2:Ar,Kaplan et al 1979,1,0.000226415,0.000169811,0.000169811,2.88E-08,1,0.000712329,0.000109589,0.000109589,0.000000012, , 
Spartina patens,Spartina,Poaceae,monocot,Emergent,salt marsh,NO3 removal,Windham and Ehrenfeld 2003,3,0,0,0,0, , , , , , , 
Symplocarpus foetidus,Symplocarpus,Araceae,monocot,Forb-Emergent,riparian wetland,DEA,McCarty et al 2007,2,0.002502318,0.0000569,0.0000804,6.50E-09,2,0.001293809,0.0000995,0.000140753,1.98E-08,0.659626921,1.00E-10
Symplocarpus foetidus,Symplocarpus,Araceae,monocot,Forb-Emergent,riparian wetland,DEA,McCarty et al 2007,2,0.001251154,0.0000284,0.0000402,1.60E-09,2,0.000255919,0.0000995,0.000140748,1.98E-08,1.586960616,0.000000003
Typha angustifolia,Typha,Typhaceae,monocot,Emergent,tidal freshwater marsh,DEA,Findlay et al 2003,3,0.005739182,0.00064315,0.001113968,0.00000124, , , , , , , 
Typha angustifolia,Typha,Typhaceae,monocot,Emergent,tidal freshwater marsh,DEA,Findlay et al 2003,3,0.00267168,0.000692657,0.001199716,0.00000144, , , , , , , 
Typha angustifolia,Typha,Typhaceae,monocot,Emergent,tidal freshwater marsh,DEA,Findlay et al 2003,3,0.003265386,0.000296853,0.000514164,0.000000264, , , , , , , 
Typha angustifolia,Typha,Typhaceae,monocot,Emergent,tidal freshwater marsh,DEA,Otto et al 1999,9,0.020390022,0.002312619,0.006937856,0.0000481, , , , , , , 
Typha domingensis,Typha,Typhaceae,monocot,Emergent,constructed wetland,NO3 removal,Maine et al 2007,36,0.000179815,0.0000207,0.000124372,1.55E-08, , , , , , , 
Typha latifolia,Typha,Typhaceae,monocot,Emergent,microcosm experiments,NO3 removal,Martin et al 2003,23,0.001412931,0.000709382,0.003402077,0.0000116,10,0.00332986,0.002128115,0.00672969,0.0000453,-0.857263991,2.14E-05
Typha latifolia,Typha,Typhaceae,monocot,Emergent,microcosm experiments,NO3 removal,Martin et al 2003,23,0.003197778,0.000431454,0.002069183,0.00000428,10,0.00332986,0.002128115,0.00672969,0.0000453,-0.040474068,1.86E-05
Typha latifolia,Typha,Typhaceae,monocot,Emergent,microcosm experiments,NO3 removal,Martin et al 2003,23,0.00350539,0.0013757,0.006597627,0.0000435,10,0.00332986,0.002128115,0.00672969,0.0000453,0.051371523,2.52E-05
Typha latifolia,Typha,Typhaceae,monocot,Emergent,constructed wetland,DEA,Bastviken et al 2007,6,0.008250869,0.000673681,0.001650174,0.00000272, , , , , , , 
Typha latifolia,Typha,Typhaceae,monocot,Emergent,constructed wetland,DEA,Bastviken et al 2007,6,0.036303695,0.011452518,0.028052826,0.000786961, , , , , , , 
Typha latifolia,Typha,Typhaceae,monocot,Emergent,constructed wetland,DEA,Bastviken et al 2007,6,0.0148515,0.004042084,0.009901042,0.000098, , , , , , , 
Typha latifolia,Typha,Typhaceae,monocot,Emergent,constructed wetland,DEA,Bastviken et al 2007,6,0.034653521,0.011452544,0.02805289,0.000786965, , , , , , , 
Typha latifolia,Typha,Typhaceae,monocot,Emergent,constructed wetland,DEA,Bastviken et al 2007,6,0.029703063,0.002021016,0.004950458,0.0000245, , , , , , , 
Typha latifolia,Typha,Typhaceae,monocot,Emergent,constructed wetland,DEA,Bastviken et al 2007,6,0.061056237,0.007410357,0.018151593,0.00032948, , , , , , , 
Typha latifolia,Typha,Typhaceae,monocot,Emergent,constructed wetland,DEA,Bastviken et al 2007,6,0.018151847,0.008757822,0.021452195,0.000460197, , , , , , , 
Typha latifolia,Typha,Typhaceae,monocot,Emergent,constructed wetland,DEA,Bastviken et al 2007,6,0.0148515,0.005389445,0.01320139,0.000174277, , , , , , , 
Typha latifolia,Typha,Typhaceae,monocot,Emergent,constructed wetland,DEA,Bastviken et al 2007,6,0.07590761,0.0175158,0.042904772,0.001840819, , , , , , , 
Typha latifolia,Typha,Typhaceae,monocot,Emergent,constructed wetland,DEA,Bastviken et al 2007,6,0.034653521,0.006736806,0.016501737,0.000272307, , , , , , , 
Typha latifolia,Typha,Typhaceae,monocot,Emergent,constructed wetland,DEA,Bastviken et al 2007,6,0.013201326,0.047446229,0.116219051,0.013506868, , , , , , , 
Typha latifolia,Typha,Typhaceae,monocot,Emergent,constructed wetland,DEA,Bastviken et al 2007,6,0.029703063,0.004042058,0.009900979,0.000098, , , , , , , 
Typha latifolia,Typha,Typhaceae,monocot,Emergent,constructed wetland,DEA,Bastviken et al 2007,6,0.013201326,0.005389445,0.01320139,0.000174277, , , , , , , 
Typha latifolia,Typha,Typhaceae,monocot,Emergent,constructed wetland,DEA,Bastviken et al 2007,6,0.006600695,0.000673681,0.001650174,0.00000272, , , , , , , 
Typha latifolia,Typha,Typhaceae,monocot,Emergent,constructed wetland,DEA,Bastviken et al 2007,6,0.023102369,0.002694722,0.006600695,0.0000436, , , , , , , 
Typha latifolia,Typha,Typhaceae,monocot,Emergent,constructed wetland,DEA,Bastviken et al 2007,6,0.021452195,0.007410461,0.018151847,0.00032949, , , , , , , 
Typha latifolia,Typha,Typhaceae,monocot,Emergent,constructed wetland,DEA,Bastviken et al 2005,7,0.001120872,0.000242085,0.000640497,0.00000041, , , , , , , 
Typha latifolia,Typha,Typhaceae,monocot,Emergent,constructed wetland,DEA,Bastviken et al 2005,7,0.00768598,0.001876149,0.004963824,0.0000246, , , , , , , 
Typha latifolia,Typha,Typhaceae,monocot,Emergent,constructed wetland,N2 flux,Mander et al 2008,22,0.012643667,0.001654144,0.007758625,0.0000602, , , , , , , 
Typha latifolia,Typha,Typhaceae,monocot,Emergent,constructed wetland,N2 flux,Mander et al 2008,22,0.013984667,0.000959812,0.004501917,0.0000203, , , , , , , 
Typha latifolia,Typha,Typhaceae,monocot,Emergent,microcosm experiments,NO3 removal,Hume et al 2002,4,0.007581259,0.000537259,0.001074518,0.00000115, , , , , , , 
Typha latifolia,Typha,Typhaceae,monocot,Emergent,microcosm experiments,NO3 removal,Hume et al 2002,4,0.002089323,0.0000597,0.000119399,1.43E-08, , , , , , , 
Typha latifolia,Typha,Typhaceae,monocot,Emergent,microcosm experiments,NO3 removal,Hume et al 2002,4,0.0013713,0.000530809,0.001061617,0.00000113, , , , , , , 
Typha latifolia,Typha,Typhaceae,monocot,Emergent,tidal freshwater marsh,Acetylene inhibition,Verhoeven et al 2001,8,0.0000483,0.000032175,0.000091,8.30E-09, , , , , , , 
Typha latifolia,Typha,Typhaceae,monocot,Emergent,tidal freshwater marsh,Acetylene inhibition,Verhoeven et al 2001,8,0.0000483,0.000032175,0.000091,8.30E-09, , , , , , , 
Typha orientalis,Typha,Typhaceae,monocot,Emergent,microcosm experiments,15N-NH4 addition,Lusby et al 1998,3,0.000419105,0.000224539,0.000388913,0.000000151,3,0.000768358,0.000458042,0.000793352,0.000000629,-0.606134285,2.67E-07
Typha orientalis,Typha,Typhaceae,monocot,Emergent,mesocosm experiments,NO3 removal,Sasikala et al 2009,9,0.040376336,0.000962569,0.002887707,0.00000834,9,0.030475625,0.000773493,0.002320479,0.00000538,0.281316687,8.20E-09
Typha orientalis,Typha,Typhaceae,monocot,Emergent,mesocosm experiments,NO3 removal,Sasikala et al 2009,9,0.030114662,0.00041253,0.001237589,0.00000153,9,0.022689129,0.00041253,0.001237589,0.00000153,0.283126252,8.00E-10
Typha orientalis,Typha,Typhaceae,monocot,Emergent,riparian wetland,DEA,Lusby et al 1998,6,0.0000251,0.00000196,0.00000479,0,6,0.000000737,0.000000752,0.00000184,0,3.528035233,0
Typha orientalis,Typha,Typhaceae,monocot,Emergent,constructed wetland,15N-NH4 addition,Erler et al 2010,2,0,0.000000272,0.000000385,0, , , , , , , 
Typha orientalis,Typha,Typhaceae,monocot,Emergent,constructed wetland,15N-NH4 addition,Erler et al 2010,2,0.000000646,0.000000102,0.000000144,0, , , , , , , 
Typha orientalis,Typha,Typhaceae,monocot,Emergent,constructed wetland,15N-NH4 addition,Erler et al 2010,2,0.00000197,0.000000357,0.000000505,0, , , , , , , 
Typha spp,Typha,Typhaceae,monocot,Emergent,constructed wetland,DEA,Ruiz-Rueda et al 2009,3,0.138320327,0.011856199,0.020535539,0.000421708,3,0.025688076,0.01679603,0.029091578,0.00084632,1.68354529,0.000364912
Typha spp,Typha,Typhaceae,monocot,Emergent,constructed wetland,DEA,Ruiz-Rueda et al 2009,3,0.132392487,0.040507986,0.07016189,0.004922691,3,0.011856043,0.00197599,0.003422515,0.0000117,2.412933202,0.000461172
Typha spp,Typha,Typhaceae,monocot,Emergent,constructed wetland,Acetylene inhibition,Hunt et al 2003,8,0.003373188,0.000893946,0.002528462,0.00000639, , , , , , , 
Typha spp,Typha,Typhaceae,monocot,Emergent,constructed wetland,Acetylene inhibition,Hunt et al 2009,8,0.031697389,0.013074506,0.036980288,0.001367542, , , , , , , 
Typha spp,Typha,Typhaceae,monocot,Emergent,constructed wetland,Acetylene inhibition,Hunt et al 2009,8,0.274710708,0.041091305,0.116223761,0.013507963, , , , , , , 
Typha spp,Typha,Typhaceae,monocot,Emergent,constructed wetland,Acetylene inhibition,Hunt et al 2009,8,0.047546084,0.022413439,0.063394779,0.004018898, , , , , , , 
Typha spp,Typha,Typhaceae,monocot,Emergent,constructed wetland,DEA,Hernandez and Mitsch 2007,8,0.000171887,0.0000382,0.000108038,1.17E-08, , , , , , , 
Typha spp,Typha,Typhaceae,monocot,Emergent,constructed wetland,DEA,Hunt et al 2003,8,0.025097644,0.00798148,0.022575033,0.000509632, , , , , , , 
Typha spp,Typha,Typhaceae,monocot,Emergent,constructed wetland,DEA,Hunt et al 2009,8,0.396217368,0.054165811,0.153204049,0.023471481, , , , , , , 
Typha spp,Typha,Typhaceae,monocot,Emergent,constructed wetland,NO3 removal,Bachand and Horne 2000,27,0.026833333,0.004113621,0.021375,0.000456891, , , , , , , 
Typha spp,Typha,Typhaceae,monocot,Emergent,constructed wetland,NO3 removal,Bachand and Horne 2000,27,0.020291667,0.003744758,0.019458333,0.000378627, , , , , , , 
Typha spp,Typha,Typhaceae,monocot,Emergent,mesocosm experiments,NO3 removal,Gebremariam 2008,3,0.021671333,0.003942533,0.006828667,0.0000466, , , , , , , 
Typha spp,Typha,Typhaceae,monocot,Emergent,mesocosm experiments,NO3 removal,Gebremariam 2008,3,0.01906425,0.001975572,0.003421792,0.0000117, , , , , , , 
Typha spp,Typha,Typhaceae,monocot,Emergent,mesocosm experiments,NO3 removal,Gebremariam 2008,3,0.014175958,0.000188168,0.000325917,0.000000106, , , , , , , 
Typha spp,Typha,Typhaceae,monocot,Emergent,mesocosm experiments,NO3 removal,Gebremariam 2008,3,0.011568917,0.00084666,0.001466458,0.00000215, , , , , , , 
Typha spp,Typha,Typhaceae,monocot,Emergent,mesocosm experiments,NO3 removal,Gebremariam 2008,3,0.008147125,0.001128888,0.001955292,0.00000382, , , , , , , 
Typha spp,Typha,Typhaceae,monocot,Emergent,mesocosm experiments,NO3 removal,Gebremariam 2008,3,0.006680625,0.001128912,0.001955333,0.00000382, , , , , , , 
Typha spp,Typha,Typhaceae,monocot,Emergent,microcosm experiments,NO3 removal,Ingersoll and Baker 1998,18,0.044444444,0.012121213,0.051425949,0.002644628, , , , , , , 
Zostera marina,Zostera,Zosteraceae,monocot,Submersed,salt marsh,15N-NH4 addition,Ottosen et al 1999,3,0.0000357,0.00000718,0.0000124,2.00E-10,3,0.000117349,0.0000316,0.0000547,0.000000003,-1.190001712,2.00E-10
Zostera marina,Zostera,Zosteraceae,monocot,Submersed,salt marsh,DEA,Caffrey and Kemp 1990,3,0.000938469,0.000378189,0.000655043,0.000000429,3,0.000616308,0.000252126,0.000436695,0.000000191,0.420502986,1.02E-07
Zostera marina,Zostera,Zosteraceae,monocot,Submersed,salt marsh,DEA,Caffrey and Kemp 1990,3,0.000994497,0.000056028,0.000097,9.40E-09,3,0.000406203,0.000014007,0.0000243,6.00E-10,0.895384047,0
Zostera marina,Zostera,Zosteraceae,monocot,Submersed,salt marsh,DEA,Caffrey and Kemp 1990,3,0.002927463,0.000308154,0.000533738,0.000000285,3,0.000938469,0.000126063,0.000218348,4.77E-08,1.137641633,0.000000004
Zostera marina,Zostera,Zosteraceae,monocot,Submersed,salt marsh,DEA,Caffrey and Kemp 1990,3,0.001386693,0.000224112,0.000388173,0.000000151,3,0.00014007,0.000028014,0.0000485,2.40E-09,2.292534757,4.10E-09
